{
    "dataset_options": {
        "expected_weight": 5000,
        "expected_volume": 20000000,
        "selection_size": 50,
        "max_generations": 500,
        "population_size": 100,
        "most_crossover_genes": 4,
        "most_mutation_individuals": 2,
        "most_mutation_genes": 4
    },
    "results": [
        {
            "genes": [
                0,
                0,
                0,
                1,
                0,
                0,
                0,
                0,
                0,
                0,
                1,
                1,
                0,
                0,
                0,
                1,
                0,
                1,
                0,
                0,
                0,
                0,
                0,
                0,
                1,
                0,
                1,
                0,
                1,
                0,
                1,
                0,
                0,
                0,
                0,
                0,
                0,
                1,
                1,
                0
            ],
            "fitness": 974.139695,
            "volume": 10727939,
            "weight": 3975,
            "selected": true
        },
        {
            "genes": [
                0,
                0,
                1,
                1,
                0,
                0,
                0,
                0,
                0,
                0,
                0,
                0,
                0,
                0,
                0,
                1,
                0,
                0,
                1,
                1,
                0,
                1,
                0,
                0,
                0,
                1,
                0,
                0,
                0,
                1,
                1,
                0,
                0,
                0,
                1,
                0,
                1,
                0,
                0,
                0
            ],
            "fitness": 970.894675,
            "volume": 13110935,
            "weight": 4733,
            "selected": true
        },
        {
            "genes": [
                0,
                0,
                0,
                0,
                0,
                0,
                0,
                1,
                0,
                1,
                1,
                0,
                0,
                0,
                1,
                1,
                0,
                0,
                0,
                1,
                0,
                0,
                0,
                0,
                0,
                0,
                0,
                1,
                1,
                0,
                0,
                0,
                1,
                0,
                0,
                1,
                0,
                0,
                1,
                0
            ],
            "fitness": 438.601135,
            "volume": 8804227,
            "weight": 5271,
            "selected": true
        },
        {
            "genes": [
                0,
                0,
                0,
                1,
                0,
                0,
                0,
                0,
                1,
                0,
                1,
                1,
                1,
                1,
                1,
                0,
                0,
                0,
                0,
                1,
                1,
                1,
                1,
                0,
                1,
                0,
                0,
                1,
                1,
                0,
                0,
                1,
                1,
                1,
                1,
                1,
                1,
                0,
                1,
                0
            ],
            "fitness": 434.906925,
            "volume": 17589385,
            "weight": 7652,
            "selected": true
        },
        {
            "genes": [
                0,
                0,
                1,
                0,
                0,
                0,
                0,
                1,
                1,
                1,
                0,
                0,
                0,
                0,
                0,
                0,
                1,
                1,
                0,
                1,
                1,
                0,
                0,
                0,
                1,
                0,
                1,
                0,
                0,
                1,
                0,
                0,
                0,
                1,
                1,
                0,
                1,
                0,
                1,
                1
            ],
            "fitness": 417.78929000000005,
            "volume": 14485858,
            "weight": 7732,
            "selected": true
        }
    ]
}