{
    "dataset_options": {
        "expected_weight": 5000,
        "expected_volume": 20000000,
        "selection_size": 50,
        "max_generations": 10,
        "population_size": 100,
        "most_crossover_genes": 4,
        "most_mutation_individuals": 2,
        "most_mutation_genes": 4
    },
    "results": [
        {
            "genes": [
                0,
                0,
                0,
                1,
                1,
                0,
                1,
                0,
                0,
                0,
                0,
                0,
                0,
                0,
                1,
                0,
                1,
                0,
                0,
                0,
                1,
                1,
                0,
                1,
                0,
                0,
                0,
                1,
                0,
                0,
                0,
                0,
                0,
                1,
                0,
                0,
                1,
                1,
                1,
                0
            ],
            "fitness": 460.76509999999996,
            "volume": 14521020,
            "weight": 5592,
            "selected": true
        },
        {
            "genes": [
                0,
                0,
                1,
                0,
                0,
                0,
                0,
                0,
                0,
                0,
                0,
                0,
                0,
                1,
                0,
                1,
                0,
                1,
                0,
                1,
                1,
                1,
                0,
                1,
                1,
                1,
                1,
                1,
                0,
                0,
                1,
                0,
                0,
                1,
                0,
                1,
                0,
                0,
                0,
                1
            ],
            "fitness": 434.10390499999994,
            "volume": 13100781,
            "weight": 6570,
            "selected": true
        },
        {
            "genes": [
                0,
                0,
                0,
                1,
                1,
                0,
                1,
                0,
                1,
                1,
                0,
                0,
                0,
                0,
                1,
                1,
                1,
                0,
                0,
                0,
                0,
                0,
                0,
                0,
                0,
                0,
                0,
                0,
                1,
                0,
                1,
                1,
                1,
                0,
                0,
                0,
                1,
                1,
                1,
                1
            ],
            "fitness": 432.17238499999996,
            "volume": 17534477,
            "weight": 7775,
            "selected": true
        },
        {
            "genes": [
                0,
                0,
                1,
                0,
                0,
                0,
                1,
                1,
                0,
                0,
                1,
                0,
                0,
                0,
                0,
                0,
                1,
                1,
                1,
                1,
                1,
                0,
                1,
                1,
                1,
                0,
                0,
                1,
                0,
                1,
                0,
                1,
                0,
                1,
                1,
                1,
                1,
                0,
                1,
                1
            ],
            "fitness": 405.03252,
            "volume": 17242504,
            "weight": 9059,
            "selected": true
        },
        {
            "genes": [
                0,
                0,
                0,
                0,
                1,
                0,
                0,
                1,
                1,
                1,
                1,
                0,
                0,
                0,
                1,
                1,
                0,
                0,
                0,
                1,
                1,
                1,
                0,
                1,
                0,
                0,
                1,
                0,
                1,
                0,
                0,
                0,
                0,
                0,
                0,
                1,
                0,
                1,
                0,
                1
            ],
            "fitness": 403.6715750000001,
            "volume": 15662315,
            "weight": 8732,
            "selected": true
        }
    ]
}