{
    "dataset_options": {
        "expected_weight": 5000,
        "expected_volume": 20000000,
        "selection_size": 50,
        "max_generations": 10,
        "population_size": 100,
        "most_crossover_genes": 4,
        "most_mutation_individuals": 2,
        "most_mutation_genes": 4
    },
    "results": [
        {
            "genes": [
                0,
                0,
                0,
                1,
                0,
                0,
                1,
                0,
                0,
                0,
                0,
                0,
                0,
                1,
                1,
                0,
                1,
                1,
                0,
                0,
                0,
                1,
                0,
                0,
                1,
                0,
                0,
                1,
                0,
                1,
                0,
                1,
                1,
                0,
                1,
                1,
                0,
                0,
                1,
                1
            ],
            "fitness": 966.695605,
            "volume": 13339121,
            "weight": 5000,
            "selected": true
        },
        {
            "genes": [
                0,
                0,
                0,
                1,
                1,
                0,
                0,
                0,
                0,
                1,
                1,
                0,
                0,
                0,
                0,
                0,
                0,
                0,
                0,
                1,
                1,
                0,
                0,
                1,
                1,
                1,
                1,
                0,
                1,
                0,
                0,
                0,
                0,
                0,
                0,
                0,
                1,
                0,
                0,
                1
            ],
            "fitness": 459.12972,
            "volume": 14945944,
            "weight": 5780,
            "selected": true
        },
        {
            "genes": [
                0,
                1,
                0,
                1,
                0,
                0,
                0,
                1,
                0,
                0,
                0,
                0,
                0,
                0,
                0,
                1,
                0,
                0,
                1,
                1,
                1,
                0,
                0,
                1,
                1,
                1,
                0,
                0,
                0,
                0,
                1,
                1,
                0,
                0,
                1,
                0,
                0,
                1,
                1,
                0
            ],
            "fitness": 454.31768999999997,
            "volume": 16143538,
            "weight": 6320,
            "selected": true
        },
        {
            "genes": [
                0,
                0,
                1,
                0,
                0,
                0,
                0,
                0,
                0,
                0,
                0,
                0,
                0,
                0,
                1,
                0,
                1,
                0,
                0,
                1,
                1,
                1,
                1,
                0,
                0,
                0,
                1,
                1,
                0,
                1,
                0,
                1,
                1,
                1,
                1,
                1,
                1,
                0,
                1,
                1
            ],
            "fitness": 442.14275,
            "volume": 12700550,
            "weight": 6068,
            "selected": true
        },
        {
            "genes": [
                0,
                0,
                1,
                1,
                0,
                0,
                0,
                1,
                0,
                0,
                1,
                0,
                1,
                1,
                0,
                0,
                1,
                0,
                0,
                1,
                0,
                0,
                0,
                0,
                1,
                1,
                0,
                0,
                1,
                0,
                0,
                1,
                0,
                1,
                0,
                1,
                1,
                0,
                0,
                0
            ],
            "fitness": 440.544435,
            "volume": 17544887,
            "weight": 7359,
            "selected": true
        }
    ]
}