{
    "dataset_options": {
        "expected_weight": 5000,
        "expected_volume": 20000000,
        "selection_size": 50,
        "max_generations": 10,
        "population_size": 100,
        "most_crossover_genes": 4,
        "most_mutation_individuals": 2,
        "most_mutation_genes": 4
    },
    "results": [
        {
            "genes": [
                0,
                0,
                0,
                1,
                0,
                0,
                0,
                1,
                0,
                0,
                0,
                0,
                0,
                1,
                0,
                0,
                0,
                0,
                0,
                1,
                0,
                1,
                1,
                1,
                0,
                0,
                1,
                0,
                0,
                0,
                0,
                0,
                0,
                0,
                0,
                0,
                0,
                1,
                1,
                1
            ],
            "fitness": 980.54038,
            "volume": 10500076,
            "weight": 3598,
            "selected": true
        },
        {
            "genes": [
                0,
                0,
                0,
                1,
                0,
                0,
                1,
                0,
                0,
                0,
                0,
                0,
                0,
                1,
                0,
                1,
                1,
                0,
                1,
                0,
                1,
                0,
                1,
                0,
                0,
                1,
                0,
                0,
                0,
                0,
                0,
                0,
                1,
                1,
                1,
                0,
                0,
                0,
                1,
                1
            ],
            "fitness": 967.791425,
            "volume": 12438285,
            "weight": 4720,
            "selected": true
        },
        {
            "genes": [
                0,
                0,
                0,
                1,
                0,
                0,
                0,
                1,
                0,
                1,
                1,
                1,
                0,
                0,
                0,
                1,
                0,
                0,
                1,
                1,
                1,
                0,
                0,
                0,
                1,
                1,
                1,
                1,
                1,
                1,
                0,
                1,
                0,
                1,
                1,
                0,
                1,
                0,
                0,
                0
            ],
            "fitness": 446.503745,
            "volume": 16860749,
            "weight": 6890,
            "selected": true
        },
        {
            "genes": [
                0,
                1,
                0,
                1,
                0,
                0,
                1,
                0,
                0,
                0,
                0,
                0,
                1,
                0,
                1,
                0,
                1,
                0,
                1,
                0,
                1,
                1,
                1,
                0,
                0,
                0,
                0,
                0,
                1,
                0,
                0,
                0,
                0,
                1,
                1,
                1,
                1,
                0,
                0,
                0
            ],
            "fitness": 446.18133,
            "volume": 16984266,
            "weight": 6937,
            "selected": true
        },
        {
            "genes": [
                0,
                1,
                0,
                1,
                0,
                0,
                0,
                0,
                1,
                0,
                0,
                1,
                1,
                1,
                0,
                0,
                0,
                0,
                1,
                0,
                0,
                1,
                0,
                0,
                0,
                1,
                1,
                0,
                1,
                0,
                0,
                0,
                1,
                0,
                0,
                0,
                0,
                0,
                0,
                1
            ],
            "fitness": 437.83603500000004,
            "volume": 16619207,
            "weight": 7263,
            "selected": true
        }
    ]
}